m,lambda,empirical_rate,cdf,cramer_rate
16,-0.12,0.22862264696745094,0.025785,0.1263268675187068
16,-0.11333333333333333,0.22862264696745094,0.025785,0.12122280458543777
16,-0.10666666666666666,0.22862264696745094,0.025785,0.11627317165247075
16,-0.1,0.19238350623805042,0.046045,0.11147350770451869
16,-0.09333333333333332,0.19238350623805042,0.046045,0.10681955975001234
16,-0.08666666666666667,0.19238350623805042,0.046045,0.10230726922955324
16,-0.08,0.19238350623805042,0.046045,0.097932759568359
16,-0.07333333333333333,0.19238350623805042,0.046045,0.09369232475527023
16,-0.06666666666666667,0.19238350623805042,0.046045,0.08958241884504525
16,-0.06,0.19238350623805042,0.046045,0.08559964629287986
16,-0.05333333333333333,0.1616795582736132,0.075255,0.08174075304063744
16,-0.04666666666666666,0.1616795582736132,0.075255,0.07800261828344135
16,-0.04000000000000001,0.1616795582736132,0.075255,0.07438224685323436
16,-0.03333333333333334,0.1616795582736132,0.075255,0.0708767621628672
16,-0.026666666666666672,0.1616795582736132,0.075255,0.06748339966034766
16,-0.020000000000000004,0.1616795582736132,0.075255,0.06419950074820646
16,-0.013333333333333336,0.13544604930118728,0.114505,0.061022507127619474
16,-0.006666666666666668,0.13544604930118728,0.114505,0.05794995553105092
16,0.0,0.13544604930118728,0.114505,0.05497947281081711
16,0.006666666666666654,0.13544604930118728,0.114505,0.05210877135419284
16,0.013333333333333336,0.13544604930118728,0.114505,0.04933564479854613
16,0.01999999999999999,0.13544604930118728,0.114505,0.046657964022508214
16,0.026666666666666672,0.13544604930118728,0.114505,0.044073673391465285
16,0.033333333333333326,0.1133274063065737,0.163125,0.04158078723765157
16,0.03999999999999998,0.1133274063065737,0.163125,0.039177386556945304
16,0.04666666666666666,0.1133274063065737,0.163125,0.0368616159060578
16,0.053333333333333316,0.1133274063065737,0.163125,0.03463168048527476
16,0.06,0.1133274063065737,0.163125,0.032485843393184166
16,0.06666666666666665,0.1133274063065737,0.163125,0.030422423041010616
16,0.07333333333333333,0.09469693645280593,0.219775,0.028439790715217017
16,0.07999999999999999,0.09469693645280593,0.219775,0.02653636827798811
16,0.08666666666666667,0.09469693645280593,0.219775,0.02471062599606899
16,0.09333333333333332,0.09469693645280593,0.219775,0.0229610804892052
16,0.09999999999999998,0.09469693645280593,0.219775,0.02128629279013944
16,0.10666666666666666,0.09469693645280593,0.219775,0.01968486650875212
16,0.11333333333333331,0.09469693645280593,0.219775,0.018155446093522154
16,0.12,0.07879717615155753,0.28344,0.016696715184003008
16,0.12666666666666665,0.07879717615155753,0.28344,0.015307395048497957
16,0.1333333333333333,0.07879717615155753,0.28344,0.013986243101553497
16,0.14,0.07879717615155753,0.28344,0.01273205149629128
16,0.14666666666666667,0.07879717615155753,0.28344,0.0115436457869664
16,0.15333333333333332,0.07879717615155753,0.28344,0.010419883657474122
16,0.15999999999999998,0.06517347382691951,0.352475,0.009359653711835836
16,0.16666666666666663,0.06517347382691951,0.352475,0.00836187432297511
16,0.17333333333333334,0.06517347382691951,0.352475,0.007425492536355549
16,0.18,0.06517347382691951,0.352475,0.006549483025290931
16,0.18666666666666665,0.06517347382691951,0.352475,0.005732847094952365
16,0.1933333333333333,0.06517347382691951,0.352475,0.004974611732304901
16,0.19999999999999996,0.06517347382691951,0.352475,0.004273828699388027
16,0.20666666666666667,0.05344017343497812,0.425265,0.003629573667528724
16,0.21333333333333332,0.05344017343497812,0.425265,0.0030409453902304345
16,0.21999999999999997,0.05344017343497812,0.425265,0.0025070649126319733
16,0.22666666666666663,0.05344017343497812,0.425265,0.002027074815565133
16,0.23333333333333334,0.05344017343497812,0.425265,0.0016001384923597095
16,0.24,0.05344017343497812,0.425265,0.001225439456672972
32,-0.12,0.17986256948081242,0.003165,0.1263268675187068
32,-0.11333333333333333,0.17986256948081242,0.003165,0.12122280458543777
32,-0.10666666666666666,0.17986256948081242,0.003165,0.11627317165247075
32,-0.1,0.16253720799429106,0.00551,0.11147350770451869
32,-0.09333333333333332,0.16253720799429106,0.00551,0.10681955975001234
32,-0.08666666666666667,0.16253720799429106,0.00551,0.10230726922955324
32,-0.08,0.14592839709767697,0.009375,0.097932759568359
32,-0.07333333333333333,0.14592839709767697,0.009375,0.09369232475527023
32,-0.06666666666666667,0.14592839709767697,0.009375,0.08958241884504525
32,-0.06,0.14592839709767697,0.009375,0.08559964629287986
32,-0.05333333333333333,0.13222486703035305,0.014535,0.08174075304063744
32,-0.04666666666666666,0.13222486703035305,0.014535,0.07800261828344135
32,-0.04000000000000001,0.13222486703035305,0.014535,0.07438224685323436
32,-0.03333333333333334,0.11971574856697981,0.02169,0.0708767621628672
32,-0.026666666666666672,0.11971574856697981,0.02169,0.06748339966034766
32,-0.020000000000000004,0.11971574856697981,0.02169,0.06419950074820646
32,-0.013333333333333336,0.10777869118354896,0.03178,0.061022507127619474
32,-0.006666666666666668,0.10777869118354896,0.03178,0.05794995553105092
32,0.0,0.10777869118354896,0.03178,0.05497947281081711
32,0.006666666666666654,0.09640627316600542,0.04573,0.05210877135419284
32,0.013333333333333336,0.09640627316600542,0.04573,0.04933564479854613
32,0.01999999999999999,0.09640627316600542,0.04573,0.046657964022508214
32,0.026666666666666672,0.09640627316600542,0.04573,0.044073673391465285
32,0.033333333333333326,0.08636216682634315,0.063065,0.04158078723765157
32,0.03999999999999998,0.08636216682634315,0.063065,0.039177386556945304
32,0.04666666666666666,0.08636216682634315,0.063065,0.0368616159060578
32,0.053333333333333316,0.07728365306357572,0.084325,0.03463168048527476
32,0.06,0.07728365306357572,0.084325,0.032485843393184166
32,0.06666666666666665,0.07728365306357572,0.084325,0.030422423041010616
32,0.07333333333333333,0.06944099090138028,0.10838,0.028439790715217017
32,0.07999999999999999,0.06944099090138028,0.10838,0.02653636827798811
32,0.08666666666666667,0.06944099090138028,0.10838,0.02471062599606899
32,0.09333333333333332,0.06204276532624833,0.13733,0.0229610804892052
32,0.09999999999999998,0.06204276532624833,0.13733,0.02128629279013944
32,0.10666666666666666,0.06204276532624833,0.13733,0.01968486650875212
32,0.11333333333333331,0.06204276532624833,0.13733,0.018155446093522154
32,0.12,0.05503541486519669,0.17185,0.016696715184003008
32,0.12666666666666665,0.05503541486519669,0.17185,0.015307395048497957
32,0.1333333333333333,0.05503541486519669,0.17185,0.013986243101553497
32,0.14,0.0489545644232902,0.208765,0.01273205149629128
32,0.14666666666666667,0.0489545644232902,0.208765,0.0115436457869664
32,0.15333333333333332,0.0489545644232902,0.208765,0.010419883657474122
32,0.15999999999999998,0.043431892840514026,0.24912,0.009359653711835836
32,0.16666666666666663,0.043431892840514026,0.24912,0.00836187432297511
32,0.17333333333333334,0.043431892840514026,0.24912,0.007425492536355549
32,0.18,0.038383830423234934,0.292795,0.006549483025290931
32,0.18666666666666665,0.038383830423234934,0.292795,0.005732847094952365
32,0.1933333333333333,0.038383830423234934,0.292795,0.004974611732304901
32,0.19999999999999996,0.038383830423234934,0.292795,0.004273828699388027
32,0.20666666666666667,0.03356380108543453,0.341625,0.003629573667528724
32,0.21333333333333332,0.03356380108543453,0.341625,0.0030409453902304345
32,0.21999999999999997,0.03356380108543453,0.341625,0.0025070649126319733
32,0.22666666666666663,0.029177453975793567,0.393105,0.002027074815565133
32,0.23333333333333334,0.029177453975793567,0.393105,0.0016001384923597095
32,0.24,0.029177453975793567,0.393105,0.001225439456672972
64,-0.12,0.1603150390074197,3.5e-05,0.1263268675187068
64,-0.11333333333333333,0.1603150390074197,3.5e-05,0.12122280458543777
64,-0.10666666666666666,0.14840660069418693,7.5e-05,0.11627317165247075
64,-0.1,0.14106279398722232,0.00012,0.11147350770451869
64,-0.09333333333333332,0.14106279398722232,0.00012,0.10681955975001234
64,-0.08666666666666667,0.13429929270134297,0.000185,0.10230726922955324
64,-0.08,0.1275472090264941,0.000285,0.097932759568359
64,-0.07333333333333333,0.1275472090264941,0.000285,0.09369232475527023
64,-0.06666666666666667,0.12041035898749858,0.00045,0.08958241884504525
64,-0.06,0.12041035898749858,0.00045,0.08559964629287986
64,-0.05333333333333333,0.11317543773859791,0.000715,0.08174075304063744
64,-0.04666666666666666,0.10702322454465878,0.00106,0.07800261828344135
64,-0.04000000000000001,0.10702322454465878,0.00106,0.07438224685323436
64,-0.03333333333333334,0.10093546023421907,0.001565,0.0708767621628672
64,-0.026666666666666672,0.10093546023421907,0.001565,0.06748339966034766
64,-0.020000000000000004,0.09611927030095005,0.00213,0.06419950074820646
64,-0.013333333333333336,0.09048399509935279,0.003055,0.061022507127619474
64,-0.006666666666666668,0.09048399509935279,0.003055,0.05794995553105092
64,0.0,0.08432864592948741,0.00453,0.05497947281081711
64,0.006666666666666654,0.07970479995719268,0.00609,0.05210877135419284
64,0.013333333333333336,0.07970479995719268,0.00609,0.04933564479854613
64,0.01999999999999999,0.07406007952054208,0.00874,0.046657964022508214
64,0.026666666666666672,0.07406007952054208,0.00874,0.044073673391465285
64,0.033333333333333326,0.07054488356261424,0.010945,0.04158078723765157
64,0.03999999999999998,0.06644379479500588,0.01423,0.039177386556945304
64,0.04666666666666666,0.06644379479500588,0.01423,0.0368616159060578
64,0.053333333333333316,0.062394266575838894,0.01844,0.03463168048527476
64,0.06,0.062394266575838894,0.01844,0.032485843393184166
64,0.06666666666666665,0.05863882475140389,0.02345,0.030422423041010616
64,0.07333333333333333,0.05529545199277564,0.029045,0.028439790715217017
64,0.07999999999999999,0.05529545199277564,0.029045,0.02653636827798811
64,0.08666666666666667,0.051544788290073335,0.036925,0.02471062599606899
64,0.09333333333333332,0.048100967518015424,0.04603,0.0229610804892052
64,0.09999999999999998,0.048100967518015424,0.04603,0.02128629279013944
64,0.10666666666666666,0.04370255289658494,0.060995,0.01968486650875212
64,0.11333333333333331,0.04370255289658494,0.060995,0.018155446093522154
64,0.12,0.04211571068076768,0.067515,0.016696715184003008
64,0.12666666666666665,0.039748322108373854,0.07856,0.015307395048497957
64,0.1333333333333333,0.039748322108373854,0.07856,0.013986243101553497
64,0.14,0.038488783651427154,0.085155,0.01273205149629128
64,0.14666666666666667,0.038488783651427154,0.085155,0.0115436457869664
64,0.15333333333333332,0.03719266315029529,0.09252,0.010419883657474122
64,0.15999999999999998,0.031886264899503705,0.129935,0.009359653711835836
64,0.16666666666666663,0.031886264899503705,0.129935,0.00836187432297511
64,0.17333333333333334,0.031390360594238664,0.134125,0.007425492536355549
64,0.18,0.02767442249108445,0.170135,0.006549483025290931
64,0.18666666666666665,0.02767442249108445,0.170135,0.005732847094952365
64,0.1933333333333333,0.026638681255738143,0.181795,0.004974611732304901
64,0.19999999999999996,0.026638681255738143,0.181795,0.004273828699388027
64,0.20666666666666667,0.018570463191758924,0.304675,0.003629573667528724
64,0.21333333333333332,0.017307945849310495,0.330315,0.0030409453902304345
64,0.21999999999999997,0.017307945849310495,0.330315,0.0025070649126319733
64,0.22666666666666663,0.017307945849310495,0.330315,0.002027074815565133
64,0.23333333333333334,0.017307945849310495,0.330315,0.0016001384923597095
64,0.24,0.017307945849310495,0.330315,0.001225439456672972
128,-0.03333333333333334,0.08994473019507991,1e-05,0.0708767621628672
128,-0.026666666666666672,0.08452951784695534,2e-05,0.06748339966034766
128,-0.020000000000000004,0.07911430549883076,4e-05,0.06419950074820646
128,-0.013333333333333336,0.07911430549883076,4e-05,0.061022507127619474
128,-0.006666666666666668,0.07594660934173574,6e-05,0.05794995553105092
128,0.0,0.07369909315070619,8e-05,0.05497947281081711
128,0.006666666666666654,0.06758378581281844,0.000175,0.05210877135419284
128,0.013333333333333336,0.06634766077207707,0.000205,0.04933564479854613
128,0.01999999999999999,0.06579596102821807,0.00022,0.046657964022508214
128,0.026666666666666672,0.06449085099178709,0.00026,0.044073673391465285
128,0.033333333333333326,0.06083775029479356,0.000415,0.04158078723765157
128,0.03999999999999998,0.05680936494062095,0.000695,0.039177386556945304
128,0.04666666666666666,0.05408491341243895,0.000985,0.0368616159060578
128,0.053333333333333316,0.05329357486516472,0.00109,0.03463168048527476
128,0.06,0.05197744578600435,0.00129,0.032485843393184166
128,0.06666666666666665,0.05044280984079625,0.00157,0.030422423041010616
128,0.07333333333333333,0.05010202372770336,0.00164,0.028439790715217017
128,0.07999999999999999,0.04861044035033581,0.001985,0.02653636827798811
128,0.08666666666666667,0.04715985869561498,0.00239,0.02471062599606899
128,0.09333333333333332,0.04539696130792754,0.002995,0.0229610804892052
128,0.09999999999999998,0.04539696130792754,0.002995,0.02128629279013944
128,0.10666666666666666,0.04180206130406442,0.004745,0.01968486650875212
128,0.11333333333333331,0.04082083519381597,0.00538,0.018155446093522154
128,0.12,0.03214410339007112,0.016335,0.016696715184003008
128,0.12666666666666665,0.03214410339007112,0.016335,0.015307395048497957
128,0.1333333333333333,0.03214410339007112,0.016335,0.013986243101553497
128,0.14,0.03214410339007112,0.016335,0.01273205149629128
128,0.14666666666666667,0.03214410339007112,0.016335,0.0115436457869664
128,0.15333333333333332,0.03214410339007112,0.016335,0.010419883657474122
128,0.15999999999999998,0.03214410339007112,0.016335,0.009359653711835836
128,0.16666666666666663,0.03214410339007112,0.016335,0.00836187432297511
128,0.17333333333333334,0.03214410339007112,0.016335,0.007425492536355549
128,0.18,0.021705979492322156,0.06214,0.006549483025290931
128,0.18666666666666665,0.021705979492322156,0.06214,0.005732847094952365
128,0.1933333333333333,0.014390383909539322,0.158505,0.004974611732304901
128,0.19999999999999996,0.014145597851544876,0.16355,0.004273828699388027
128,0.20666666666666667,0.014145597851544876,0.16355,0.003629573667528724
128,0.21333333333333332,0.014145597851544876,0.16355,0.0030409453902304345
128,0.21999999999999997,0.014145597851544876,0.16355,0.0025070649126319733
128,0.22666666666666663,0.014145597851544876,0.16355,0.002027074815565133
128,0.23333333333333334,0.014145597851544876,0.16355,0.0016001384923597095
128,0.24,0.014145597851544876,0.16355,0.001225439456672972
